<?xml version="1.0" encoding="UTF-8"?>
<beans xmlns="http://www.springframework.org/schema/beans"
	xmlns:xsi="http://www.w3.org/2001/XMLSchema-instance" xmlns:p="http://www.springframework.org/schema/p"
	xmlns:mvc="http://www.springframework.org/schema/mvc" xmlns:context="http://www.springframework.org/schema/context"
	xsi:schemaLocation="
        http://www.springframework.org/schema/beans 
        http://www.springframework.org/schema/beans/spring-beans-3.0.xsd
        http://www.springframework.org/schema/mvc 
        http://www.springframework.org/schema/mvc/spring-mvc-3.0.xsd  
        http://www.springframework.org/schema/context 
        http://www.springframework.org/schema/context/spring-context-3.0.xsd">

    <context:annotation-config /> 
    
    <context:component-scan base-package="com" use-default-filters="false" >
    	<context:include-filter expression="org.springframework.stereotype.Controller" type="annotation"/> 
    </context:component-scan>
    
    <bean class="org.springframework.web.servlet.mvc.method.annotation.RequestMappingHandlerMapping" />    
     <!-- 启动Spring MVC的注解功能，完成请求和注解POJO的映射   请求映射-->
    <bean name="handlerAdapter" class="org.springframework.web.servlet.mvc.method.annotation.RequestMappingHandlerAdapter">
		<property name="modelAndViewResolvers">
				<list>	
					<bean class="com.vion.core.spring.MethodAnnotationModelAndViewResolver"/>
					<bean class="com.vion.core.spring.SuccessModelAndViewResolver">
						<property name="httpMessageConverter" ref="jsonMessageConverter"/>
					</bean>
				</list>
		</property>
		<property name="customArgumentResolvers">
			<list>	
				<bean class="com.vion.pc.basic.spring.PagedQueryResolver">
					<property name="pageSizeName">
						<value>pageSize</value>
					</property>
					<property name="pageNumberName">
						<value>pageNumber</value>
					</property>
				</bean>
				<!-- <bean class="com.vion.core.spring.UserValueResolver"/> -->
			</list>
		</property>
		<property name="order" value="0" /> 
		<property name="messageConverters">
			<list>
				<ref bean="stringMessageConverter"/>
				<ref bean="jsonMessageConverter"/>
				<ref bean="xmlMessageConverter"/>
				<ref bean="byteMessageConverter"/>
			</list>
		</property>
	</bean>

	<bean id="stringMessageConverter" class="org.springframework.http.converter.StringHttpMessageConverter"/>
	<bean id="jsonMessageConverter" class="org.springframework.http.converter.json.MappingJacksonHttpMessageConverter">
		<property name="objectMapper">
			<bean class="org.codehaus.jackson.map.ObjectMapper">
				<property name="serializerFactory">
					<bean class="com.vion.pc.basic.CustomerProxyAwareSerializerFactory"></bean>
				</property>
			</bean>
		</property>
	</bean>
	<bean id="byteMessageConverter" class="org.springframework.http.converter.ByteArrayHttpMessageConverter"/> 
	<!-- XML -->
	<bean id="xmlMessageConverter" class="org.springframework.http.converter.xml.Jaxb2RootElementHttpMessageConverter"></bean>
	
	<bean id="multipartResolver" class="org.springframework.web.multipart.commons.CommonsMultipartResolver">  
    	<property name="maxUploadSize" value="1073741824"></property>   
	</bean>
	
	<bean class="org.springframework.web.servlet.view.ContentNegotiatingViewResolver">
		<property name="ignoreAcceptHeader" value="true" />
		<property name="defaultContentType" value="text/html" />
		<property name="mediaTypes">
			<map>
				<entry key="json" value="application/json" />
				<entry key="xml" value="application/xml" />
			</map>
		</property>
		<property name="favorParameter" value="false" />
		<property name="viewResolvers">
			<list>
				<bean id="viewResolver"  
			        class="org.springframework.web.servlet.view.freemarker.FreeMarkerViewResolver">  
			        <property name="viewClass"  
			            value="org.springframework.web.servlet.view.freemarker.FreeMarkerView" />  
			        <property name="suffix" value=".ftl" />  
			        <property name="viewNames">
			        	<list>
			        		<value>view/*</value>
			        	</list>
			        </property> 
			        <property name="contentType" value="text/html;charset=UTF-8" />  
			        <property name="exposeRequestAttributes" value="true" />  
			        <property name="exposeSessionAttributes" value="true" />  
			        <property name="exposeSpringMacroHelpers" value="true" /> 
			        <property name="order" value="1"></property> 
			    </bean>
				<bean class="org.springframework.web.servlet.view.BeanNameViewResolver" />
				<bean class="org.springframework.web.servlet.view.InternalResourceViewResolver">
					<property name="viewClass" value="org.springframework.web.servlet.view.JstlView" />
					<property name="prefix" value="/"/>
                	<property name="suffix" value=".jsp"/>
				</bean>
			</list>
		</property>
		<property name="defaultViews">
			<list>
				<bean class="org.springframework.web.servlet.view.json.MappingJacksonJsonView" />
			</list>
		</property>
	</bean>
	
	<bean class="org.springframework.web.servlet.mvc.annotation.AnnotationMethodHandlerExceptionResolver">
		<property name="order" value="1"></property>
	</bean>
	
    <bean class="com.vion.pc.basic.spring.CustomExceptionHandlerExceptionResolver">
    	<property name="defaultexceptionResolve">
    		<bean class="com.vion.pc.basic.spring.JsonExceptionResolve">
    				<property name="defParam">
						<list>
							<value>identifier</value>
						</list>
					</property>
					<property name="customExceptionConverts">
						<list>	
							<bean class="com.vion.core.spring.MuleExceptionConvert"/>
						</list>
					</property>
    				<property name="messageConverter" ref="jsonMessageConverter"></property>
    			</bean>
    	</property>
    	<property name="exceptionResolves">
    		<list>
    			<bean class="com.vion.pc.basic.spring.XmlExceptionResolve">
    				<property name="messageConverter" ref="xmlMessageConverter"></property>
    			</bean>
    		</list>
    	</property>
    </bean>
</beans>
